{
    "name": "jquery-overlaps",
    "title": "jQuery Overlaps",
    "description": "A jQuery plugin that detects if one or more elements are overlapping.",
    "keywords": [
        "overlap",
        "elements",
        "filter",
        "overlapping"
    ],
    "version": "1.2.3",
    "author": {
        "name": "Brandon Aaron",
        "url": "http://brandonaaron.net"
    },
    "licenses": [
        {
            "type": "MIT",
            "url": "https://raw.github.com/brandonaaron/jquery-overlaps/master/LICENSE.txt"
        }
    ],
    "bugs": "https://github.com/brandonaaron/jquery-overlaps/issues",
    "homepage": "https://github.com/brandonaaron/jquery-overlaps",
    "download": "https://github.com/brandonaaron/jquery-overlaps/tags",
    "dependencies": {
        "jquery": ">=1.2.6"
    }
}
